0,1
0.0,0.0
0.5155059321303916,1.0
0.5330185595968835,2.0
0.6292536855720928,3.0
0.7532549133015951,4.0
0.8846333760726781,3.0
0.8923237973362038,4.0
0.899076804507739,3.0
1.0251314743214368,2.0
1.1907271283722005,3.0
1.2349881245137753,4.0
1.626432608853339,5.0
1.8775799058462717,4.0
2.025740066385388,3.0
2.1500689850920685,4.0
2.3213439820965114,3.0
2.469220057608991,2.0
2.484243451645875,3.0
2.636816489994416,2.0
3.184345522166598,3.0
3.2328907056749427,4.0
3.421162593960137,3.0
3.5415344494078527,4.0
3.555710065832462,3.0
3.7192300048561333,4.0
3.7376334743815716,5.0
3.8182757112396555,4.0
3.8601729699343967,3.0
3.9118902264448425,2.0
4.128778112522891,1.0
4.1432375416600165,2.0
4.380382502214061,3.0
4.61861393134141,4.0
4.7138288251877025,5.0
4.819485772366195,6.0
4.914275201621767,5.0
5.098412099966356,6.0
5.122503413467518,7.0
5.142527979349114,6.0
5.376302211345488,5.0
5.378602487594593,4.0
5.435676132251795,5.0
5.743339740566998,4.0
5.746396208157884,5.0
5.92442999009241,4.0
6.110890724607701,3.0
6.112010727645898,4.0
6.480717846663897,5.0
6.5004765153329895,4.0
6.614035974618332,3.0
6.907247977116202,2.0
6.936530894755759,3.0
7.097108636192532,4.0
7.157065253687332,5.0
7.167054029416832,4.0
7.222337955514146,5.0
7.284304428341233,4.0
7.3026013241655425,3.0
7.615913290729734,4.0
7.650158274983476,5.0
7.733459736033145,6.0
7.8943881175468,5.0
7.974649430148984,4.0
8.098742387308745,3.0
8.19895175756826,4.0
8.586452160681144,5.0
8.598636171489533,4.0
8.62643588566105,5.0
8.64526614076552,4.0
8.729357919481803,3.0
8.828742094806122,2.0
9.422334229004798,3.0
9.480126540540358,2.0
9.71161282424732,3.0
9.772985122049773,2.0
10.215818752610415,1.0
10.316009551183537,2.0
10.53606697690228,3.0
10.620809423832757,2.0
10.888156294930946,3.0
11.271937781141526,2.0
11.493307924400646,3.0
11.555566981439465,2.0
11.716872991402274,3.0
11.796883650007976,2.0
11.899713003085145,1.0
12.148461664210378,2.0
12.276970757811618,3.0
12.708472781450713,4.0
12.788357889561933,5.0
12.844670203146315,6.0
13.220227814794503,5.0
13.44984733738453,6.0
13.528092850785224,5.0
13.588494193862902,4.0
13.69422732768488,3.0
13.914187866507982,4.0
14.006671194607351,5.0
14.018605600863326,4.0
14.227721071793516,3.0
14.900606993841075,2.0
15.032388623670087,3.0
15.1083067356328,4.0
15.17970587802715,3.0
15.384745071625108,2.0
15.836769227439275,3.0
15.890129906428283,4.0
15.900835215361914,3.0
15.923102453282329,4.0
15.950335866251663,5.0
16.277037306543722,4.0
16.39064039646892,3.0
16.896012612532747,2.0
17.12435981128299,1.0
17.27037620363152,2.0
17.504955607560877,1.0
17.717638437479053,2.0
17.934294768410542,1.0
18.16752829938086,2.0
18.403572170631655,3.0
18.42403310861806,2.0
19.117924472527356,1.0
19.16564117423374,2.0
19.39368925681469,3.0
19.43091066525701,2.0
19.675305138976782,1.0
19.946167696460325,2.0
20.053379702202786,1.0
20.475514514142706,2.0
20.848898723622966,3.0
20.985270677789654,2.0
21.103413936370696,3.0
21.13855474828829,4.0
21.81629671719987,3.0
21.850183976694915,4.0
22.08354755637582,3.0
22.64169531735999,2.0
22.6466730502484,3.0
22.740792648702946,4.0
22.742616823921917,5.0
22.850033204259223,6.0
23.05519406073709,5.0
23.135806085791504,4.0
23.16780661102816,5.0
23.256411987051592,4.0
23.262459250928803,5.0
23.294702272899716,4.0
23.32153003764861,5.0
23.395783740336224,4.0
23.447733758207505,3.0
23.716614415958933,4.0
23.732811516713156,3.0
24.017385596591385,4.0
24.035311463698747,3.0
24.50854700497951,4.0
24.530050861165428,3.0
24.918047462708707,2.0
25.25214214842065,3.0
25.26559230933733,4.0
25.4227318803174,3.0
26.127812260887715,4.0
26.288793757269126,5.0
26.419709625169823,4.0
26.496927955714423,3.0
26.619635351932853,4.0
26.715077751441164,5.0
26.82548107252409,4.0
27.027310705346853,5.0
27.05866650176968,6.0
27.09940145240293,5.0
27.168437881000376,4.0
27.30471862440028,3.0
27.53128317526003,2.0
27.622576647554748,1.0
28.406757612774893,2.0
29.247074376674885,1.0
29.391051518233727,2.0
29.41718649040798,3.0
29.46933852793735,2.0
29.49669209864366,3.0
29.89383951922304,4.0
29.9987971765843,5.0
30.140037423462648,6.0
30.220567782781234,5.0
30.39373848901136,6.0
30.456678621091292,5.0
30.54023617036522,4.0
30.85144439271262,5.0
31.07849361211773,6.0
31.12102131801197,7.0
31.18567481085307,6.0
31.220268585860314,7.0
31.340986816938702,6.0
31.440863769883084,5.0
31.50691672183233,4.0
31.77045960617762,5.0
31.929128178960738,4.0
32.03186786020528,5.0
32.0469217034128,4.0
32.128052951281,5.0
32.411528350516484,4.0
32.507444455837145,3.0
32.531257113722795,2.0
32.55390799543369,3.0
32.63366014709867,2.0
32.754200644860425,1.0
32.766775735184645,2.0
33.191518124443135,1.0
33.28047681014867,2.0
33.31756686199108,3.0
33.545153313337124,4.0
33.587380538609345,5.0
33.78074640571644,6.0
33.89188049138213,5.0
33.92806017711672,6.0
34.03319684556044,5.0
34.122450352635944,4.0
34.12723711998744,3.0
34.218313944544704,2.0
34.39899528008984,1.0
34.40681153110969,2.0
34.46041699574556,3.0
34.48779381109603,2.0
34.78646730449729,3.0
34.85839322683249,4.0
34.99306325557058,5.0
35.16368029079749,4.0
35.72009216460884,3.0
36.04508884339516,2.0
36.24006810613534,1.0
36.47975350596962,2.0
36.68099080006752,1.0
36.76183246239202,2.0
37.071110078935504,1.0
37.097216001847094,2.0
37.20599453107211,3.0
37.59398011681349,4.0
37.94145983738337,5.0
37.94569551954735,4.0
38.086429772836325,3.0
38.100958806787254,4.0
38.34885555806533,5.0
38.54712968035461,4.0
38.57695615899272,3.0
38.586433819921204,4.0
38.811266393263786,5.0
38.90454851259968,4.0
39.05687767266417,3.0
39.32502811083508,4.0
39.475383001029385,5.0
39.541469163241466,4.0
39.5895286648449,3.0
39.61351877654008,4.0
39.69133710317902,3.0
39.695337456539065,4.0
39.72538899720501,3.0
39.82558674668628,4.0
39.93778306126642,5.0
40.011245775757885,6.0
40.13822817683977,5.0
40.304141849374886,4.0
40.80679191716431,3.0
40.9519625640702,2.0
41.02136318782221,3.0
41.07919273807576,4.0
41.089210875794805,5.0
41.32018772442261,6.0
41.3397418305557,7.0
41.37570854729692,8.0
41.44793624738407,7.0
41.54969846442131,6.0
41.63028201642626,5.0
41.6897501536802,4.0
41.81707015742404,3.0
41.981706367566524,2.0
42.34253016805784,1.0
42.39561490866151,2.0
42.48174024184444,3.0
42.56824822824102,4.0
42.602520497130605,5.0
42.70874813241937,4.0
42.86900017379092,5.0
43.10796612960592,6.0
43.227869244897434,5.0
43.28696724987942,4.0
43.5367961423986,3.0
44.02162083279932,2.0
44.04687321525161,1.0
44.34298631272958,0.0
44.35826497311875,1.0
44.645192363250075,2.0
44.70659057986978,3.0
44.79784796773352,2.0
45.07328348501055,3.0
45.52463266443374,2.0
45.98797655592377,3.0
45.9947693158158,4.0
46.06043870991343,5.0
46.53485790862855,4.0
46.713986008093826,3.0
46.88242247621637,2.0
46.909738425370826,3.0
46.93156876519471,4.0
47.00140861534666,5.0
47.28798700364271,6.0
47.29039546836281,5.0
47.49901572563121,4.0
47.55383041622002,5.0
47.60581774365181,6.0
47.81727944409522,5.0
47.88758073759886,6.0
47.92384417035029,7.0
47.94185109134439,6.0
48.02804913525583,7.0
48.174165339405285,6.0
48.28365211984514,5.0
48.347589367235,4.0
48.68432240531887,5.0
49.200504845968766,4.0
49.252124946758194,3.0
49.30848340913264,2.0
49.40609120986115,3.0
49.44660016418088,2.0
49.573921460098525,3.0
49.65711706300968,2.0
49.763148910887146,1.0
50.071856657623854,0.0
50.57976940609303,1.0
50.66433045508073,2.0
50.70160276716038,3.0
51.22855600014242,2.0
51.28638543641167,1.0
51.69804181005045,2.0
51.76835274283911,3.0
51.877622640561505,4.0
51.890018035736944,5.0
51.93106964096259,6.0
51.94457476365485,7.0
52.02303688177761,8.0
52.33605200137474,9.0
52.34015013838767,8.0
52.387832883525064,7.0
52.50229675873457,6.0
52.67130742156716,7.0
52.722235968406515,6.0
52.750477341428635,5.0
52.89424374377084,6.0
53.089055752335305,5.0
53.240906167643786,6.0
53.458714105151245,7.0
53.528354532876094,6.0
53.69436287235085,7.0
53.8298890271603,6.0
54.08659267321557,7.0
54.12340195219652,6.0
54.171554363225034,5.0
54.17442508699055,4.0
54.29703527018883,3.0
54.324965922154746,2.0
55.0872778235644,3.0
55.10281108884245,4.0
55.45449595074168,3.0
55.48858956746575,2.0
55.48895144352378,1.0
55.62385022521795,2.0
55.69492113756611,1.0
55.73173539994484,2.0
56.02378326837157,1.0
56.30913762285848,0.0
56.453659258296746,1.0
56.46185275366943,2.0
56.51062209621591,3.0
56.56444407057782,4.0
56.94063133270115,3.0
56.9626663826489,2.0
57.15140893436467,3.0
57.2404033944551,2.0
57.351198375085495,3.0
57.353525009411236,4.0
57.8617101380271,5.0
58.287945587799136,6.0
58.372397151528126,5.0
58.403258303270434,4.0
58.80973138775521,3.0
59.62201179249477,2.0
59.90213538576844,3.0
59.910923084808445,2.0
59.91707640307252,1.0
60.01603911528033,2.0
60.07474786177486,1.0
60.27747648261209,0.0
60.41054729415857,1.0
60.658465184913894,2.0
61.15934937842302,3.0
61.20048791046729,2.0
61.24143305688647,3.0
61.4626994920223,4.0
61.49833282097783,3.0
61.81207013173384,2.0
61.855987653713875,3.0
62.00113156742546,2.0
62.26591870324011,1.0
62.456497700856495,2.0
62.492998991608346,1.0
62.66125247415931,0.0
62.83889096432501,1.0
63.03620550202171,2.0
63.49326583625922,3.0
63.92239141507181,4.0
64.0240656953536,3.0
64.27909768869051,4.0
64.44295260227774,5.0
64.46264070148321,4.0
64.50896355980387,3.0
64.54514418674961,4.0
64.55451712778466,5.0
64.56209187451141,4.0
64.81422712559645,3.0
65.09984158310586,4.0
65.10597482525223,3.0
65.1170168917759,2.0
65.22175882989293,3.0
65.27692911188421,4.0
65.30840753536319,3.0
65.45683819349254,4.0
65.74534254048805,5.0
65.77382122702687,6.0
65.82898693800306,5.0
65.8898126494662,6.0
65.9059035102351,5.0
65.95800113052968,4.0
65.96622942308046,3.0
65.98161444499684,2.0
66.35029166508907,3.0
66.5346369089949,2.0
66.75390246750246,1.0
67.35300260136543,2.0
67.43920991692669,1.0
67.50576479513619,2.0
67.64187600164462,3.0
67.6988820779771,4.0
67.77026482673764,3.0
67.83238729032203,2.0
67.84073749599354,1.0
68.14766180041421,2.0
68.17720546270849,1.0
68.37101732374752,2.0
68.39526639401284,3.0
68.51687277411247,2.0
68.54032049570526,3.0
68.58976520458042,4.0
68.62853987024718,5.0
68.67108228682046,4.0
68.7805914908148,5.0
68.80250606998678,4.0
69.11855514329999,3.0
69.26779080843285,2.0
69.55173177685789,3.0
69.60009019057776,4.0
69.79682772744358,3.0
70.29399294737797,2.0
70.29979213986762,1.0
70.43601872333888,2.0
70.70544129340045,1.0
70.74598086617519,0.0
70.90686830705373,1.0
71.11130138921142,0.0
71.13449690301793,1.0
71.67977111437202,0.0
71.93694268241177,1.0
71.95128865641726,0.0
72.4780928524249,1.0
72.82890051171249,2.0
72.86870169712755,1.0
72.93434525021618,2.0
72.95544635971427,1.0
73.69703596572654,0.0
73.83247022738233,1.0
74.21373348368792,2.0
74.40098285595887,3.0
74.69621714534524,2.0
74.94046724478845,1.0
75.19155464485898,2.0
75.25009017300285,3.0
75.48763921486746,4.0
75.54992450581827,5.0
75.7228507835178,4.0
75.8351401511713,3.0
76.16949587705462,4.0
76.49944876690473,3.0
76.54848222923684,2.0
76.56109227492193,1.0
76.63097101980613,2.0
76.80685101586556,3.0
76.87528381075438,4.0
77.20128542132207,3.0
77.24436798377505,2.0
77.51068734980925,3.0
77.81693200425937,4.0
77.87510423300635,3.0
78.1548420895842,4.0
78.15733107801712,3.0
78.1922907754528,4.0
78.412285275586,3.0
78.45897794991492,2.0
78.53494724534931,1.0
78.55882213726318,2.0
78.58398729713727,3.0
78.62585230386813,2.0
78.87882912698481,1.0
78.97914774410539,2.0
79.0698401096764,3.0
79.1325860675672,4.0
79.36087783031383,5.0
79.38105321913534,4.0
79.51131448904697,3.0
79.86115585597118,2.0
79.87007389427436,3.0
79.9373389173894,2.0
80.0406253756786,3.0
80.07063565725231,4.0
80.16955848119149,3.0
80.18474853809195,2.0
80.18580544488063,3.0
80.297665093082,2.0
80.37472057685818,1.0
80.40037829266876,2.0
80.86700864474467,3.0
80.98065799830975,4.0
80.98529807346739,5.0
81.02318834710873,6.0
81.04249781456498,7.0
81.04467064893912,8.0
81.1734064341305,7.0
81.18681364771223,6.0
81.20763311610443,7.0
81.28454242007354,6.0
81.3617607044298,7.0
81.65977161146697,6.0
81.66458906972636,5.0
81.84633394856404,4.0
81.88457953202185,5.0
81.90831224700395,4.0
81.94669354379134,5.0
82.17282682762104,4.0
82.2779715208183,3.0
82.49122931118434,2.0
82.53283264816253,3.0
82.73246017539594,2.0
82.81450910661634,3.0
82.93569377620922,4.0
83.11767562588146,3.0
83.30053422622962,2.0
83.46113157640617,3.0
83.47915152171738,2.0
83.55990753856324,3.0
83.6252048452178,2.0
84.06055917183447,3.0
84.11535816579472,4.0
84.13253607441294,3.0
84.49006958204487,2.0
84.57584284285304,3.0
84.95488239208777,4.0
85.04743453797121,5.0
85.06473304930958,4.0
85.17236953173295,3.0
85.5864466332083,4.0
85.65610765095145,5.0
85.69034288093803,4.0
85.81415780010819,5.0
85.95343723033015,4.0
86.05942195760834,5.0
86.07422887284658,6.0
86.22717355957181,5.0
86.23313991299773,4.0
86.64073293191204,3.0
86.92671799532552,2.0
87.11819282881608,3.0
87.12963966509548,2.0
88.84527899632097,3.0
89.01966786219252,4.0
89.14985395491205,5.0
89.18979348497746,6.0
89.34147315087382,5.0
89.64663467564657,4.0
89.67425948076068,3.0
89.89283164151315,4.0
90.13984296125399,5.0
90.27441468399425,4.0
90.3568880927295,3.0
90.92394322273026,2.0
91.17697850086873,1.0
91.27182959714122,0.0
92.00486783214144,1.0
92.22265418040388,2.0
92.47978256859948,1.0
92.97915027385521,2.0
93.39375097940133,3.0
93.45656896841714,2.0
93.97360998305633,3.0
94.61419034740041,2.0
94.8250639916149,1.0
95.00765914988614,2.0
95.13801419711756,3.0
95.46590688404936,4.0
95.52254558480261,5.0
95.6279021316722,4.0
95.94109274487384,5.0
95.95372127400229,6.0
95.97598344845781,5.0
96.04183465122418,4.0
96.15770687481238,5.0
96.19314487353566,4.0
96.21634035169272,5.0
96.49997905531984,4.0
96.53969671476113,3.0
96.54031913007533,2.0
96.78022562868959,3.0
97.01226049145698,4.0
97.04515564309304,3.0
97.66721222922904,4.0
97.9255704710654,3.0
97.95541399512557,4.0
97.96656881012805,5.0
98.10699671486643,4.0
98.20743288063306,3.0
98.541258851322,4.0
98.66030653423704,5.0
98.76018223890894,4.0
99.22504769636171,5.0
99.27977975049546,4.0
99.66081783531118,3.0
100.23715870904289,4.0
100.2600516254917,5.0
100.45961176298678,4.0
100.53015772471636,5.0
100.54434389041623,6.0
100.59582425694873,5.0
100.75693907583218,4.0
100.80680601686711,5.0
100.82914308117553,4.0
100.91501837695147,5.0
101.0277201807292,4.0
101.1768807815973,3.0
101.33724711632617,2.0
101.34685277641302,3.0
101.34769836737873,2.0
101.66649229949896,3.0
101.92261397168613,2.0
102.4223197941539,1.0
102.43755110489987,0.0
102.53366362445628,1.0
102.61862880930292,2.0
102.8520171193172,3.0
102.86372676314706,4.0
102.90705017473121,3.0
103.16246603456032,2.0
103.2526776601056,1.0
103.7176658648082,2.0
103.8668173169664,3.0
103.98006869186723,4.0
104.1204505299042,3.0
104.24827469529224,4.0
104.30803149797713,3.0
104.36792433546772,2.0
104.90678315440489,1.0
105.07938818314945,2.0
105.13548407056965,3.0
105.51536934445927,2.0
105.80206716409393,3.0
105.89212735925025,2.0
106.34552265269751,3.0
106.48346664918385,4.0
106.79847930988387,5.0
107.12359940379493,4.0
107.36390735523037,3.0
107.39704831563229,4.0
107.43186281394674,3.0
107.44307580858944,4.0
107.52633139284917,5.0
107.52685338286034,4.0
107.62947180003177,3.0
107.70740285810008,2.0
107.73422913858401,3.0
107.88874064987496,4.0
107.90548432766971,5.0
107.91967887317732,4.0
107.9650342939387,5.0
108.14169406554178,4.0
108.16784912765334,5.0
108.18167178991618,4.0
108.27503067993351,5.0
108.28676765338132,4.0
108.43947164507459,3.0
108.48719431125683,4.0
108.621000646667,5.0
108.83969979196566,6.0
108.96167187091886,5.0
109.04161761875912,4.0
109.2257870786294,3.0
109.31725234710186,2.0
109.37626031839417,1.0
109.48814519492609,0.0
109.53320658025233,1.0
109.89561529123151,2.0
109.93381494076718,1.0
109.95656842385286,2.0
110.08418749741838,3.0
110.52596603517084,2.0
110.7688036753466,1.0
110.81577240253138,2.0
110.85376037025611,3.0
110.89387366907444,2.0
110.90607123929858,1.0
110.9769809472647,0.0
111.10176511181946,1.0
111.30360744357439,2.0
111.86493273148905,3.0
112.03901728809312,2.0
112.39100699881287,3.0
112.4131171231504,2.0
112.92347487236539,3.0
113.09798868449687,4.0
113.16303066847573,5.0
113.32993947861334,4.0
113.38657340723479,3.0
113.81447628722836,4.0
113.88062269308242,3.0
113.8921337017442,4.0
113.90330346173033,3.0
114.04446530550732,2.0
114.1890984593111,3.0
114.42042190172755,4.0
114.50867024927734,5.0
114.9090698569968,4.0
114.97533299863514,3.0
115.35474260048929,2.0
115.85257872328106,3.0
115.95781974879941,4.0
116.0641445596123,3.0
116.06911927395153,4.0
116.19964512721448,5.0
116.21023035603618,6.0
116.2151196409272,7.0
116.36100971311704,6.0
116.40639383789313,7.0
116.51509447319263,8.0
116.5329199961449,7.0
116.5754491227603,6.0
116.69177758415812,5.0
116.98695175845155,4.0
117.02407216647269,5.0
117.08207521644175,6.0
117.28592128483234,7.0
117.42086119905969,6.0
117.84893154341778,5.0
118.13095909714946,6.0
118.35745362074746,5.0
118.42461809720676,6.0
118.52841957790622,5.0
118.62459056730694,4.0
118.89714681154784,5.0
118.98739213064108,6.0
119.03807235628847,5.0
119.36214249112389,4.0
119.6491340721357,5.0
119.78491177676948,6.0
119.82016666105376,5.0
119.97734656148458,4.0
120.47633166275934,5.0
120.50362392732082,6.0
120.58859041518696,7.0
120.6034175258755,6.0
120.60887712530307,5.0
120.67905734412317,4.0
120.72482407852323,3.0
120.82726150557214,4.0
120.9088964148343,5.0
121.02799267666663,6.0
121.12761054251757,5.0
121.84021723948835,4.0
121.85619282905193,5.0
122.04692724060163,4.0
122.07406684813745,5.0
122.07663222830182,6.0
122.11797449262131,5.0
122.18816576385879,4.0
122.23475368307848,3.0
122.50313150737622,4.0
122.51802107754396,5.0
122.69344843886695,6.0
122.8755686513001,5.0
123.08378765842198,6.0
123.08743065782419,7.0
123.25147401354975,8.0
123.2634723912182,7.0
123.31942459118792,6.0
123.48515414223505,7.0
123.5428500986503,6.0
123.64162486719822,5.0
123.81072559753945,6.0
123.87284885551738,7.0
123.93872620428327,6.0
124.05126705267911,5.0
124.16205771372212,6.0
124.17027052174109,5.0
124.48541228175495,4.0
124.58684926473303,5.0
124.71198845354569,6.0
124.71433998176558,7.0
124.78994607604702,6.0
125.1262822846077,5.0
125.20649184905125,6.0
125.51433442294656,5.0
125.7336300499482,4.0
125.9621868694517,5.0
125.97276082579876,4.0
126.08544338259792,3.0
126.27078869155488,4.0
126.33211644089357,5.0
126.3570946494643,4.0
126.82553432870016,5.0
127.01312951555016,6.0
127.02302850621409,5.0
127.22421791795196,4.0
127.33561627946085,3.0
127.60141636265367,2.0
127.74607238767483,3.0
127.81381301883954,2.0
127.86129783233062,3.0
127.9103401392535,4.0
128.02412941066575,5.0
128.15366409168914,6.0
128.2461724822556,7.0
128.31745019290392,8.0
128.52611214492478,7.0
128.5389546190939,6.0
128.6456028916207,5.0
128.7185899097977,6.0
128.86247091449954,5.0
129.0863403492901,4.0
129.12278314320397,5.0
129.26445386238188,4.0
129.35539796251496,5.0
129.4151191097213,4.0
129.56466491080718,3.0
129.63164982020177,2.0
129.63418887429935,3.0
129.6489171541639,2.0
129.67968924607615,1.0
129.85095724659521,2.0
129.86882971859637,3.0
130.08938199006698,2.0
130.49073176867668,3.0
130.55485175378215,4.0
130.55884951445373,3.0
130.7573555181512,4.0
130.85153916863413,3.0
130.86417421888154,4.0
131.04329422831822,5.0
131.10160649712563,4.0
131.11809399694712,5.0
131.16262966113592,4.0
131.19586999973407,3.0
131.37169241426858,2.0
131.5599236889216,3.0
131.69041116122867,4.0
131.74125275114892,5.0
131.87093320392736,4.0
132.0415952702687,3.0
132.0500654070579,2.0
132.10252773136213,1.0
132.15801883617354,2.0
132.2098680915815,3.0
132.37642437398392,4.0
132.41665720830986,3.0
132.43092488424296,4.0
133.0491723102817,5.0
133.10768685782648,4.0
133.1294988158051,3.0
133.2067541850072,4.0
133.47230881375887,3.0
133.85945003575398,2.0
133.8756235743172,3.0
133.9357238808463,4.0
134.29842063563478,5.0
134.30819761095108,6.0
134.4066549010629,7.0
134.73023952148947,8.0
134.75596829215797,7.0
134.80966721050515,8.0
134.93943878368765,7.0
135.03605392525947,6.0
135.03760041048702,7.0
135.14142968842557,6.0
135.16142214718306,5.0
135.34357856507634,4.0
135.54269402119573,3.0
135.6918109281292,2.0
135.935168764222,1.0
136.09563977660832,2.0
136.18712540066878,3.0
136.4362332957196,4.0
136.7343406176173,3.0
136.8446373620611,4.0
137.16748700994634,5.0
137.66887649876054,4.0
137.84428802327378,3.0
138.04752549756353,2.0
138.0989267093134,1.0
138.12063086344543,2.0
138.2487548286927,3.0
138.30443050677275,2.0
138.95443600473178,3.0
139.17429550157942,4.0
139.40670128731742,3.0
139.5996417281916,2.0
141.07572930061082,3.0
141.07892531869285,2.0
141.49776340688746,3.0
141.60497200661513,2.0
141.7929847657827,1.0
142.2130010509719,0.0
142.339869342754,1.0
142.42967335667043,2.0
142.49870495500312,3.0
142.50861663459585,4.0
142.53451479046277,5.0
142.73620702626434,4.0
142.90661328038962,5.0
143.17094457714484,6.0
143.2281081602433,7.0
143.34285608513366,6.0
143.46795410365357,7.0
143.88797669274788,8.0
143.91099450485876,9.0
143.94904980288604,8.0
143.95088267785957,7.0
143.97129326855259,8.0
144.09332766876668,7.0
144.09716666283904,6.0
144.2044646487961,5.0
144.2469290397284,6.0
144.43302126835624,5.0
144.63067402795596,4.0
144.7511213255983,5.0
144.77493930733095,6.0
145.02461146892296,5.0
145.07447307914254,4.0
145.35867955805642,5.0
145.68855100235734,6.0
145.7268646688846,5.0
145.85788125211099,4.0
145.99015309255827,3.0
146.00538687974472,4.0
146.0267669029911,3.0
146.70182935677784,4.0
147.45522940769166,5.0
147.52271372230106,4.0
147.57876138864233,5.0
147.5808632956169,6.0
147.60709938677843,7.0
147.92620571942746,6.0
148.22415467200267,5.0
148.25754318296202,6.0
148.42029186830933,5.0
148.47325327692113,6.0
148.5414797343438,7.0
148.5810848059719,8.0
148.88506019483452,7.0
148.8880639734032,6.0
148.89678911158538,7.0
148.99031870003364,8.0
149.09682482054544,7.0
149.10537380556863,6.0
149.17529879173532,7.0
149.25760051314552,6.0
149.28530890347557,7.0
149.3845775138801,6.0
149.38549125513046,7.0
149.45609807587482,8.0
149.52875774724495,9.0
149.5899894008065,8.0
149.70046335631585,9.0
149.75591482702242,8.0
150.05142361225225,7.0
150.08706688835673,6.0
150.1126286888417,7.0
150.18685753129543,8.0
150.4105340565244,7.0
150.50463510193862,6.0
150.53590276176055,5.0
150.53919939711102,4.0
150.909135602321,5.0
151.08203015585514,4.0
151.19633885612387,3.0
151.23979965841576,2.0
151.66354739343114,3.0
151.8554424119673,4.0
151.9242894638352,3.0
152.00440799069344,4.0
152.04973881673243,5.0
152.2093500064391,4.0
152.32155111251242,3.0
152.65271768155785,4.0
153.22501900417197,5.0
153.87083079651282,4.0
153.98363113397878,3.0
154.10498649771017,2.0
154.4827648330872,3.0
154.56197292720407,2.0
154.80481165257987,3.0
154.81505444986874,2.0
154.81951064644693,3.0
154.89977653786127,2.0
155.2533753716098,1.0
155.47805583829694,2.0
155.50790134787383,3.0
155.60582405765223,4.0
155.71699726696238,5.0
155.73561421250724,6.0
156.05151483460196,5.0
156.102809441395,6.0
156.12275838975984,5.0
156.23965779337888,4.0
156.3718977589653,3.0
156.4760158933039,2.0
157.65302507285875,1.0
157.66924616577836,2.0
157.78905477805827,3.0
157.8606620065636,4.0
157.8919163185855,3.0
157.9125027687798,2.0
158.1823728766021,3.0
158.19529465826238,4.0
158.2422632573024,3.0
158.8389855394904,2.0
158.87085455929466,1.0
159.01043294167965,0.0
159.2417433413278,1.0
159.26601483323313,2.0
159.35172777799878,1.0
159.66631180054787,2.0
159.788599010365,3.0
159.81422603557658,4.0
160.10866913522642,5.0
160.342681355442,4.0
160.3579988301142,5.0
160.4819526588912,6.0
160.4974002802385,5.0
160.54156387343934,4.0
160.86649148231112,3.0
160.8673361621468,4.0
161.064689692453,3.0
161.41670651837373,2.0
161.51919656350427,3.0
161.84282348330507,2.0
161.90151095841628,3.0
162.0030706267673,4.0
162.0519362199448,3.0
162.29948079161628,2.0
162.37605516085938,3.0
162.61146593870882,2.0
162.8366060479799,1.0
162.9397253755912,0.0
163.7434747898871,1.0
163.8820352178587,2.0
164.07205606545608,1.0
164.3878754096055,0.0
164.4090917189561,1.0
164.69001961019885,2.0
165.3018070191794,1.0
165.46199220411106,0.0
165.46337716208225,1.0
165.64267321780346,2.0
165.7943500370694,3.0
165.8768865364373,2.0
166.46870651129328,1.0
166.47528383104742,0.0
167.73995434027435,1.0
167.76991448236646,0.0
168.04182143348362,1.0
168.23666122026896,2.0
168.26795645668372,3.0
168.57670471830207,2.0
168.64494179209422,3.0
169.05987508479967,2.0
169.42571238389596,3.0
169.44677240073605,4.0
169.50506801415116,3.0
169.60646321781488,4.0
169.83383013141218,3.0
170.12468076348,4.0
170.291808424696,3.0
170.36902064758164,2.0
170.90820304445646,1.0
171.05319734315665,0.0
171.4782946217755,1.0
171.66098137535224,2.0
171.66647049427272,3.0
171.77536972461482,2.0
171.86017808873888,3.0
172.11814282570134,4.0
172.27146065092901,5.0
172.43806469314092,4.0
172.9495463836997,3.0
173.06634054231415,4.0
173.11098956826854,5.0
173.18748921014839,6.0
173.28310369066622,5.0
173.31470585396295,4.0
173.35374567303788,5.0
173.42772649721624,6.0
173.50932114954853,5.0
173.79933612960684,4.0
173.94969781920722,5.0
174.02515568802812,6.0
174.06963852826976,5.0
174.46931956218566,4.0
174.4872875353494,3.0
174.60999132526393,4.0
174.76698308800573,5.0
174.9344597711077,6.0
175.02424730006865,5.0
175.20889931770176,4.0
175.76228041654204,5.0
176.05611343745278,4.0
176.2451744440634,3.0
176.25353710616483,2.0
176.5549176355442,3.0
176.6809556786693,2.0
176.90052738682144,1.0
177.00657598823227,2.0
177.15637129225865,1.0
177.25667755995667,2.0
177.41515011121203,1.0
178.1723623069338,2.0
178.3084002537354,3.0
178.354351635259,2.0
178.55014391283618,3.0
178.57769615819356,2.0
178.6463958732249,3.0
178.85397697873614,2.0
178.9134744688121,3.0
179.39280716869905,4.0
179.4327669902334,5.0
179.90906014499578,6.0
180.25640306232953,7.0
180.3382431516998,6.0
180.35223232976156,5.0
180.43948244417362,4.0
180.4538277944078,5.0
180.4825533475814,4.0
180.5165635645175,5.0
180.52351672133045,4.0
180.91645742169925,5.0
180.98230411640492,4.0
181.27819750626205,5.0
181.28454360939466,6.0
181.40837812366777,5.0
181.62954787718263,4.0
181.75358653884481,5.0
181.84979328209397,6.0
182.01576184335107,7.0
182.0320843584205,6.0
182.25349141343017,7.0
182.29124332808988,8.0
182.3169768599481,9.0
182.51071728097128,8.0
182.57151073150777,7.0
182.5991223555174,6.0
182.63769060742928,7.0
182.77510235521385,6.0
182.89624065821326,7.0
182.95195543417697,8.0
183.2643339719433,9.0
183.42621630458865,10.0
183.4819444663991,9.0
183.52326349828328,8.0
183.6029134744081,9.0
183.8190236609219,10.0
183.96602476516162,11.0
184.01059204821448,10.0
184.03465129547033,9.0
184.18709888552212,8.0
184.20191963561845,7.0
184.6113414050822,6.0
184.7424121312325,5.0
184.85562955925582,4.0
185.31587957017263,5.0
185.3495843872229,4.0
185.41383981244218,3.0
185.4406819609999,2.0
185.80480226850787,3.0
185.83731611142127,4.0
185.90322557459925,3.0
185.99681174572424,2.0
186.1851777127655,1.0
186.36234858169976,0.0
186.50065377308275,1.0
186.73127848456056,0.0
187.10586310002995,1.0
187.26593495427417,2.0
187.39422853594766,3.0
187.77394738342383,2.0
187.82221704240393,3.0
188.3784732383042,4.0
188.3986554868386,5.0
188.56258226234843,4.0
188.6188527341409,3.0
188.78738749597588,2.0
189.15808691623332,3.0
189.25201398691314,4.0
189.73056218371642,5.0
189.856991403442,6.0
189.87210010136317,7.0
189.90521157951642,8.0
189.99622412592112,7.0
190.0777217680947,8.0
190.11003685451854,9.0
190.33393920403174,8.0
190.3464960804097,7.0
190.53739944736452,6.0
190.5518773630468,5.0
190.64817365014028,4.0
190.69690898620303,3.0
190.99542240756045,4.0
191.03199908374054,3.0
191.2240900718386,2.0
191.3770073882352,3.0
191.78747605413236,2.0
192.3708137764854,1.0
192.4121042090242,2.0
192.67064619371945,3.0
192.71763579453324,4.0
192.79259161044874,3.0
193.20235733922607,4.0
193.23726758779182,5.0
193.52989875748486,6.0
193.6467283408675,7.0
193.64721342324742,6.0
194.16004213387765,7.0
194.16530753971423,6.0
194.34193522628797,5.0
194.3614627194973,4.0
194.39269924251334,3.0
194.394562627012,2.0
194.51601356859004,3.0
194.58345956902636,4.0
194.6365414224714,5.0
194.64542768266233,6.0
194.6527505322485,7.0
194.68674735974258,6.0
194.68861394990486,7.0
194.7575876425156,6.0
195.03245551717472,5.0
195.11034599263812,6.0
195.35813243971867,7.0
195.45974093261347,8.0
195.84229563115534,7.0
195.98778676353658,6.0
196.16392948570112,5.0
196.29201169867582,6.0
196.42105527362884,7.0
196.54385175103488,6.0
196.61959900539898,7.0
196.6548518407766,8.0
196.871831141043,7.0
196.882477656242,6.0
196.8963085731154,5.0
197.08096166865926,4.0
197.2000131596485,3.0
197.2549541754091,4.0
197.35516527898457,3.0
197.49009821421572,2.0
197.67435074910165,1.0
197.92500160517432,2.0
198.04956299087917,3.0
198.15853947933226,2.0
198.21622849663308,3.0
199.23756763587068,4.0
199.24695724020322,5.0
199.38140675374956,4.0
199.52337038359116,5.0
199.61397235664523,4.0
199.67109857042777,5.0
199.6909054061248,4.0
199.80761203128873,5.0
199.8145502343294,4.0
199.8574824673474,5.0
199.89379267266867,6.0
199.9463625325231,7.0
199.9505335738449,6.0
199.9835012879202,5.0
200.2062633377599,4.0
200.22097193685528,5.0
200.3998532263911,4.0
200.48261872543034,3.0
200.53768020345683,2.0
200.7245250045864,1.0
200.81041017368298,2.0
200.8108059086674,1.0
201.1045041934175,2.0
201.18184611916558,1.0
201.32977499128802,2.0
201.35782158647447,1.0
201.4920557556582,2.0
202.17726175081623,3.0
202.31597153057618,4.0
202.57033349563696,5.0
202.64447709416194,6.0
202.71572107931854,7.0
202.74625405249958,6.0
202.80696377246488,5.0
202.85126988173513,4.0
202.99926650782427,3.0
203.0610501804178,2.0
203.09829293007985,3.0
203.34202884630713,2.0
203.83587562715044,3.0
203.84963443631753,4.0
203.86512096857274,5.0
203.9214881329667,4.0
203.94724935670746,5.0
204.02987862636093,4.0
204.1510047767984,5.0
204.16684323404218,4.0
204.45118330037815,5.0
204.53991177769913,4.0
204.59407636430836,3.0
204.6083670641723,2.0
204.71510068491597,3.0
204.98536897373427,4.0
205.17046828178485,5.0
205.41972356603233,6.0
205.49980092788675,7.0
205.5636554354757,8.0
205.6289787085588,7.0
205.65586195460742,6.0
205.74618808122457,7.0
205.79029692381116,6.0
205.8030907134986,5.0
205.85746419364554,4.0
205.86084782772562,3.0
206.122851522609,4.0
206.29911836106785,5.0
206.4687352320719,4.0
206.50812022606593,3.0
206.6961069644552,4.0
206.9928451020677,3.0
207.1088342772827,4.0
207.29191850543404,5.0
207.31600254802203,4.0
207.46793664616797,3.0
207.589224201985,4.0
207.72100182363823,3.0
207.87453896424094,2.0
208.34985700174926,1.0
208.50136537934074,2.0
208.63604557307775,1.0
208.74872278603834,2.0
208.86070485454772,1.0
208.95018817830805,2.0
209.55177692473782,3.0
209.66657095909702,2.0
209.92145493003193,3.0
209.97055011266986,4.0
209.9820383012093,3.0
210.00532194017057,2.0
210.41574186802114,3.0
210.57532357726558,4.0
210.63396296399574,5.0
211.14481015881566,4.0
211.15998087756162,3.0
211.41249360184682,4.0
211.6429663312041,3.0
212.00899126974105,4.0
212.0645270259144,3.0
212.20548087622265,2.0
212.38114093156844,1.0
212.39533495025367,2.0
212.70688567502762,1.0
212.88125808185978,2.0
213.04495517247992,1.0
213.06716466500114,2.0
213.1267032469237,3.0
213.48780904375138,2.0
213.587312483239,3.0
213.67463363402288,2.0
213.6958688833291,3.0
213.89600740687197,2.0
214.46070371075203,3.0
214.4629940345031,2.0
215.2826976290256,1.0
215.32860861965986,0.0
215.78851211888372,1.0
215.7892939195532,0.0
215.86398962503597,1.0
217.99843980257504,0.0
218.07168637625043,1.0
218.07767858357474,2.0
218.3743747227151,3.0
218.44796222077397,4.0
218.58663568085333,5.0
218.63333483147596,4.0
218.70705946955266,5.0
219.12358349338768,4.0
219.60294340279378,5.0
219.67393906324278,6.0
219.84791875691656,7.0
219.8746649778798,8.0
220.00686195370164,7.0
220.02269960954914,6.0
220.0273193722176,5.0
220.04446600169067,6.0
220.44190909508862,5.0
220.6025336430121,4.0
220.63035787163972,3.0
220.72360202080196,4.0
220.95937041539977,5.0
221.0071257284528,4.0
221.28343011038012,5.0
221.54701057580442,6.0
221.6283308054359,5.0
221.65483840343478,6.0
222.01635854101997,5.0
222.01655003234882,4.0
222.04956061198004,5.0
222.05892449531817,4.0
222.13135326808495,5.0
222.1661078642096,4.0
222.32051601310246,5.0
222.33937643294985,6.0
222.51036365950756,7.0
222.6445255298941,6.0
222.64821126129092,7.0
222.77644304963223,6.0
222.78471102239092,5.0
222.8009488446535,6.0
223.08960527057226,5.0
223.38134686668727,4.0
223.4319636178221,5.0
223.63367682652182,4.0
223.8764306705436,5.0
223.95922890108693,6.0
224.0638340984652,7.0
224.16259050186,8.0
224.17886396460483,7.0
224.2800015770708,6.0
224.4138819138422,7.0
224.49438826727214,6.0
224.53947426988148,7.0
224.70387363865018,6.0
224.7563870107416,7.0
225.08016443045378,6.0
225.0821005845668,7.0
225.08638487593512,6.0
225.13644334878202,7.0
225.2087738388152,6.0
225.25185395252632,5.0
225.31109693774238,4.0
225.3388768025664,3.0
225.53643304739333,2.0
225.5368726488358,3.0
225.68090020186185,4.0
225.72898401942768,5.0
225.80178937187296,6.0
225.8896391813207,5.0
225.91711187456718,4.0
225.96884487300667,3.0
226.17757069209765,2.0
226.40788462886542,3.0
226.5654895048488,2.0
226.73986694024788,3.0
226.7808051336555,2.0
226.88930613125777,3.0
227.11636138700663,2.0
227.32881144962977,1.0
227.44051687338953,2.0
227.66262388459643,3.0
227.70132401781277,4.0
227.9397994614058,5.0
228.05225874978956,6.0
228.05301795553726,5.0
228.0631535645884,6.0
228.14197261209662,7.0
228.22246856850575,6.0
228.4515381971283,5.0
228.4539640328412,4.0
229.08844381721303,3.0
229.29006999166344,4.0
229.31575735584363,5.0
229.32502322089317,4.0
229.43874098371117,5.0
229.44294350125585,4.0
229.72532223875308,5.0
229.72573848576275,4.0
229.88780046622674,3.0
229.93610434184504,4.0
229.99310850041314,5.0
230.11329166229933,4.0
230.263027233163,5.0
230.5831624674469,4.0
230.5957081547539,3.0
230.63425055992374,2.0
230.71668692254337,1.0
230.95676215673652,0.0
231.81287291039112,1.0
231.88751813066145,2.0
232.04601693227758,3.0
232.09003923155623,2.0
232.11858894123597,3.0
232.15475599829497,4.0
232.2468252053303,5.0
232.52280112634983,4.0
232.56013452871295,5.0
232.58241003468885,4.0
232.89933706702016,5.0
233.00243395438918,6.0
233.02883410192152,7.0
233.20083240158095,8.0
233.23108522683748,7.0
233.2933843460531,6.0
233.32966183030967,5.0
233.4336015491206,6.0
233.47820393864345,5.0
233.65482175346247,4.0
233.98211561415872,3.0
234.15544520689966,2.0
234.3223503490077,1.0
234.47344078828985,0.0
235.14286264389273,1.0
235.2314991292284,2.0
235.5214873363533,3.0
235.59539772637288,4.0
235.66908885254446,3.0
235.69534245158826,4.0
235.70650915295676,5.0
235.76797786013867,4.0
235.90611016140463,5.0
235.95826549861147,4.0
236.43384626295625,3.0
236.72836722842666,2.0
237.06621477676921,1.0
237.12681893013374,2.0
237.1384206303713,3.0
237.4412995029905,4.0
237.45637691282838,5.0
237.45710407922732,6.0
237.57313786064208,5.0
237.63288142558855,4.0
237.67966363343407,3.0
237.73833434595866,2.0
237.97837190508673,1.0
238.149332698198,0.0
238.45174463589393,1.0
238.57095546464555,2.0
238.67750450178843,3.0
238.77409362463814,2.0
238.97173868211289,1.0
239.0103775219289,2.0
239.614270302067,3.0
239.68012725159446,2.0
240.32356490683668,1.0
240.33619224559544,2.0
240.38060463136176,3.0
240.51375023992523,4.0
240.5725665585289,5.0
240.94920266410313,6.0
240.95502765056779,7.0
241.14779215544038,6.0
241.3966351211247,5.0
241.44723888584488,4.0
241.45813767910712,3.0
241.56925067196102,4.0
241.57214669338074,3.0
241.63261512357536,2.0
241.7624655842696,3.0
241.82857421052182,4.0
241.8473439991062,5.0
241.8477100917028,4.0
242.02498672067097,5.0
242.09330104668,4.0
242.10323184681263,3.0
242.12782056862972,2.0
242.1667298569665,3.0
242.32816770030354,2.0
242.53281329697492,1.0
243.12295714116476,0.0
243.5718541773658,1.0
243.66091293177547,2.0
243.7330684604903,1.0
243.87196838358653,0.0
244.06438623861965,1.0
244.66680580048384,2.0
244.7569723662404,1.0
245.127620633248,2.0
245.65036174975384,1.0
245.69159342166756,2.0
245.81962676777226,3.0
245.91634024443104,4.0
245.92275628693875,5.0
245.94489387405665,4.0
246.0601279916169,5.0
246.10924151357278,4.0
246.2102516348854,5.0
246.31084970547116,4.0
246.44599171543433,3.0
246.56893305725467,4.0
246.58181979132937,3.0
246.63243203595337,2.0
246.8106073973713,1.0
246.84564282733922,2.0
247.0589348232213,3.0
247.0715382304838,4.0
247.18920454818172,3.0
247.41475665130233,4.0
247.51831548662886,5.0
247.53566555571507,4.0
247.56857845441846,5.0
247.68322564021233,4.0
247.8059030462361,3.0
247.941125309291,4.0
247.9427713638849,3.0
247.99500950927344,2.0
248.1104291732071,1.0
248.17621320638213,0.0
248.68705751710766,1.0
248.69132860567,2.0
248.99904289180694,3.0
249.10667107746596,4.0
249.1189778387844,3.0
249.1377183661304,4.0
249.3746447093479,3.0
249.42639927920553,4.0
249.64328065068008,3.0
249.68977593233026,4.0
249.84988355830095,3.0
249.88516184954653,2.0
250.40777833676302,1.0
250.7316222491777,2.0
251.02323385473815,3.0
251.06241097183724,2.0
251.26351768783215,3.0
251.7563859570463,2.0
252.30871133679767,1.0
252.4694087622065,2.0
252.9063270343611,3.0
253.20854940886656,2.0
253.50323439871238,3.0
253.57658415812537,4.0
254.208661041355,3.0
254.2373584829014,2.0
254.26943823648887,1.0
254.2702314776111,2.0
254.60944616771047,3.0
254.97175156905354,2.0
255.09016562231258,3.0
255.10606055661404,2.0
255.30178453357772,3.0
255.52815770695724,4.0
255.64440149755043,3.0
255.86390182879788,4.0
255.96963289205178,5.0
255.98064339696992,6.0
256.1139210674062,5.0
256.2992645103672,4.0
256.4719654380699,3.0
256.91306856156365,2.0
257.37092916779005,3.0
257.46520977643223,2.0
257.70302001087686,3.0
257.92101582104686,4.0
257.9898675172251,3.0
258.15802228345626,2.0
258.2273386196198,3.0
258.4636479228687,2.0
258.71295763771946,3.0
258.8093739554574,2.0
258.8897440089844,1.0
259.406601020525,2.0
259.5761008772807,1.0
260.06927695111835,0.0
260.2005888230737,1.0
260.2528163856552,0.0
260.8906158846792,1.0
260.91148164460765,2.0
260.9863429041596,1.0
261.2957930111789,2.0
261.5244703261877,3.0
261.6855675872654,4.0
261.7981310913866,5.0
261.8983691717465,4.0
261.9357620923022,5.0
262.0417685323268,4.0
262.05190053106793,5.0
262.1526686100766,6.0
262.35708087273844,5.0
262.3645905755038,6.0
262.4077943741744,5.0
262.5084711258066,4.0
262.61768356882783,3.0
262.70637436855986,4.0
262.77923472867786,5.0
262.8459012453308,4.0
262.8978418637744,3.0
263.03659495778675,4.0
263.19402326876167,5.0
263.2378164092118,4.0
263.4333261645798,5.0
263.709801233946,6.0
263.71533302387127,7.0
263.76436929144785,8.0
263.8353863443877,9.0
263.9181388249902,8.0
264.07862104244947,7.0
264.3198835669886,6.0
264.55326422739427,5.0
264.5551287538196,6.0
264.67572283848267,7.0
265.09905802000713,6.0
265.3928303532726,7.0
265.4760257036056,6.0
265.7490557245889,7.0
266.0007941353039,6.0
266.00240397198587,5.0
266.03141653371745,6.0
266.0421772048344,7.0
266.23692756048007,8.0
266.4649469508737,7.0
266.57279295806626,6.0
266.68504755794385,7.0
266.8039836668656,6.0
266.80924944165236,5.0
266.8605885632635,4.0
266.8873152296027,3.0
267.0464594776847,4.0
267.05729602607664,3.0
267.14846137777,4.0
267.28132191277007,3.0
267.2977590162366,4.0
267.35140537619213,3.0
267.43179147643707,2.0
267.6294692299863,1.0
267.6879395245173,2.0
267.717776669239,1.0
267.7229609789662,2.0
267.72631405860113,1.0
267.7311580962943,2.0
267.74911251917047,1.0
268.33973704054074,2.0
268.4925673797954,1.0
268.6776021583428,0.0
269.2587617084977,1.0
269.30623422589724,2.0
269.5369762836435,3.0
269.7858276160244,2.0
269.8270766128105,3.0
269.8644635154948,4.0
269.93721314029307,3.0
270.0477713630808,4.0
270.24531442707485,3.0
270.5357683376491,2.0
270.8847434409437,3.0
270.9636023726929,2.0
271.13098900144416,3.0
271.2025893343181,2.0
271.2940522105341,3.0
271.5128330803349,2.0
271.65940213544013,3.0
271.69770884283736,4.0
271.9017517825434,5.0
272.0684071060398,6.0
272.14395332830094,7.0
272.28683002176143,6.0
272.4049984275349,5.0
272.4079927524285,6.0
272.4267092328074,5.0
272.5338396032147,6.0
272.70738076435407,5.0
272.9059127675551,6.0
273.5080006648168,5.0
273.58420795822957,4.0
273.6787269899572,5.0
273.73209792505156,6.0
274.0162411929041,5.0
274.12124201158787,6.0
274.1701637754737,7.0
274.2080077378756,8.0
274.256786410124,7.0
274.3689857484761,6.0
274.37016147726604,5.0
274.5428462737399,4.0
274.9238202668359,3.0
275.0790986165594,4.0
275.09751778781686,5.0
275.2212135330899,4.0
275.28552781676314,3.0
275.49081852714744,2.0
275.66910222825203,3.0
275.9175658122698,2.0
275.9739376437825,1.0
277.08846409185156,2.0
277.2570516695552,1.0
277.3097617011492,0.0
277.7734017717919,1.0
278.1082066880013,2.0
278.25009996394476,1.0
278.4401535488878,2.0
278.55812576357863,3.0
278.69002119654834,4.0
279.0931181693274,3.0
279.2504053676664,4.0
279.5398426039275,3.0
280.0241441089432,2.0
280.41288932235506,1.0
280.4940513811209,0.0
281.1553351933152,1.0
281.8267529276548,2.0
281.91802700162816,1.0
282.31159928951917,0.0
282.31321552776853,1.0
282.36046587483827,2.0
282.36762577180843,3.0
282.58974860458517,2.0
282.9459755139228,3.0
283.25263368383713,4.0
283.2592182057895,5.0
283.466007300591,4.0
283.4991193930492,3.0
283.67935924625726,4.0
283.7272986914724,5.0
283.80292920063397,6.0
283.80459302118186,5.0
283.91312766367236,6.0
283.92761870335625,7.0
284.0126988848945,8.0
284.013263274608,9.0
284.0222221273732,8.0
284.09386610261146,7.0
284.15799206711694,6.0
284.19450641224796,5.0
284.21754565155106,4.0
284.26786479979233,3.0
284.60184697577614,4.0
284.60260718835787,3.0
284.79241108246634,4.0
284.8136252665996,5.0
285.04201982185947,6.0
285.16564874417185,7.0
285.237521005445,6.0
285.3346485151623,7.0
285.7054242619117,8.0
285.7213984839908,9.0
285.74748355447537,8.0
285.8773880843301,7.0
285.967092988775,6.0
285.99409996818434,7.0
286.3571773947462,6.0
286.3834809526476,7.0
286.4337071659176,6.0
286.4946458663257,7.0
286.52901405785354,6.0
286.5485591234493,7.0
286.61806769770504,6.0
286.7030742930645,7.0
286.91468287078493,6.0
286.97856816723134,7.0
286.996646824128,6.0
287.09583780189536,5.0
287.1285824641782,4.0
287.64820685427,3.0
287.69629018479156,2.0
287.8191315576387,3.0
287.86941098208456,4.0
288.09192231450726,5.0
288.1759277156707,6.0
288.3030563244637,7.0
288.33111247141557,6.0
288.4229852121455,5.0
288.450039569329,4.0
288.7283818581301,5.0
288.8301822456147,6.0
288.83892619745563,5.0
288.89229053666355,6.0
288.94278406959063,7.0
288.9451172310147,8.0
288.9845144478019,9.0
288.98926709637846,8.0
289.0893835350942,7.0
289.5330597822224,6.0
289.54117786363054,5.0
289.71428749195263,4.0
289.77765595857505,3.0
290.0028458097843,2.0
290.32848239045734,1.0
290.52282320305443,0.0
290.6798313689675,1.0
290.9372169084997,0.0
291.06485493512486,1.0
291.21728973856966,2.0
291.31049771704846,3.0
291.4932952707758,4.0
291.58544327724616,5.0
291.6249873278873,4.0
291.62571866464083,3.0
291.9932493428531,4.0
292.0208200152174,3.0
292.178245976984,4.0
292.20853783354113,5.0
292.34874092988855,4.0
292.4021184368967,3.0
292.4798898092284,2.0
292.95594278629125,3.0
293.06114552034603,2.0
293.0987221390297,3.0
293.14854849748923,4.0
293.4539958556227,3.0
293.48418288858676,4.0
293.5524409117398,3.0
293.83142631349335,2.0
294.0558326070592,3.0
294.35614044212684,4.0
294.4299693093567,3.0
294.44532478611114,4.0
294.81518839106013,5.0
295.3334728364912,4.0
295.52308688972863,3.0
295.65562624200936,4.0
295.69405361425197,5.0
295.7130536782071,4.0
295.8251541321739,3.0
295.83061567627254,4.0
296.2608035705825,3.0
296.43323143898823,4.0
296.445137708144,3.0
296.6457224215135,2.0
297.25856844691504,3.0
297.4226335191629,4.0
297.4964951741297,5.0
297.53033456581016,4.0
297.69936993928485,5.0
297.7349884184418,4.0
297.9386166831545,3.0
297.97653547474977,2.0
298.368169576073,3.0
298.46385268383324,4.0
298.57723065854543,3.0
298.69772803974075,4.0
298.730187558674,3.0
298.8801741938484,2.0
299.0494178525674,1.0
299.07128519354603,2.0
299.2672448624716,3.0
299.30459461606586,4.0
299.54918153043394,3.0
299.59437601920587,2.0
300.196411216315,3.0
300.23112191204814,4.0
300.33122487378984,5.0
300.4700822971104,4.0
300.93161549241876,3.0
301.20410835818797,4.0
301.2408758524725,3.0
301.2635412550602,2.0
301.3597961385402,3.0
301.6982903723605,4.0
301.7771597791064,3.0
301.78058966619926,2.0
301.7936154958054,3.0
301.93574001586086,4.0
302.1557589671456,3.0
302.4265861159008,2.0
302.6970196125506,3.0
302.7551973094353,4.0
302.76008315116417,5.0
303.2432383761363,4.0
303.31402843152995,5.0
303.33589207429964,4.0
303.39638518473197,3.0
303.46305681519874,4.0
303.6623051577902,5.0
303.75498945276814,4.0
303.8035365201956,5.0
303.85180643878965,4.0
303.93847421345566,5.0
304.02785604492357,6.0
304.07119835816104,7.0
304.16195287642296,6.0
304.3065714099456,7.0
304.35157496572293,6.0
304.36469524333984,5.0
304.49017940617927,4.0
304.4905895185708,3.0
304.50742736011716,2.0
304.66105319659107,3.0
305.4123259773615,2.0
305.51918787908835,3.0
306.2325979490826,4.0
306.60493852412003,3.0
306.6566287457557,4.0
306.6992241687864,5.0
306.764743237762,4.0
306.76916048365786,5.0
306.772497294447,4.0
307.05412835339536,3.0
307.12449611679415,4.0
307.2499567092438,3.0
307.51257295464654,4.0
307.87877229048263,3.0
307.96735404263165,4.0
308.0291708180364,5.0
308.0510678329509,6.0
308.32206893033975,5.0
308.37510772797236,4.0
308.43266545963684,5.0
308.60090072511554,4.0
309.099883963337,3.0
309.25049117595154,4.0
309.3266710941192,5.0
309.34929664271874,4.0
309.4418165913469,5.0
309.8233045752159,4.0
309.8707544405465,3.0
309.9217468338469,2.0
310.2723368004691,3.0
310.34590131266106,4.0
310.3505087507685,5.0
310.49421609369125,6.0
310.7364777277446,5.0
311.16739992978484,6.0
311.17763358333156,7.0
311.28102930180285,8.0
311.39352589239707,7.0
311.41356761254127,6.0
311.50086737156647,5.0
311.51051016724887,4.0
311.51547344193284,5.0
311.5388969881916,4.0
311.6426141050608,5.0
311.702286822118,6.0
311.79127754208713,7.0
311.8589777772338,6.0
311.9935007608507,7.0
312.0148472560153,6.0
312.0603669838986,5.0
312.0641047864828,6.0
312.0885732600731,7.0
312.2217470563069,8.0
312.23088272850026,7.0
312.2391001446195,6.0
312.3090349982541,7.0
312.3627924032338,6.0
312.38480129883953,7.0
312.3940546702064,6.0
312.49012356413846,7.0
312.53149358747254,6.0
312.8562810975498,5.0
312.86584959768345,6.0
312.9208927470535,7.0
312.9306353220925,6.0
312.9908362093873,5.0
313.077008191344,6.0
313.13197932746283,5.0
313.3315450666654,4.0
313.43553281848483,5.0
313.64810398689207,6.0
313.8005269692316,5.0
314.1482918570793,4.0
314.2710973864968,3.0
314.3233870768565,2.0
314.35051522886744,3.0
314.49985255336117,4.0
314.5087001305341,3.0
314.74608626788165,4.0
314.85926251745616,3.0
315.0423254240635,4.0
315.0463445055723,3.0
315.06211542551654,4.0
315.36429479434713,3.0
315.5780401358809,2.0
315.586158216822,3.0
315.64019052542494,4.0
316.1115961226396,5.0
316.14112231525064,4.0
316.6080335571443,3.0
316.9398883772617,4.0
317.1783725392477,3.0
317.2629811957779,4.0
317.3722719990814,3.0
317.37640984478355,4.0
317.4026881064287,3.0
317.82286695785564,4.0
317.82845175167915,3.0
317.9201413067987,4.0
317.99322766964804,5.0
318.11456402906964,4.0
318.2470717762503,5.0
318.31997518857827,6.0
318.4405905495225,5.0
318.4518467442026,6.0
318.50072614677924,5.0
318.54115560913596,4.0
318.7014357836728,5.0
318.7978760689516,4.0
318.82920902783974,3.0
318.9869242600943,4.0
319.09007931109966,3.0
319.4235791022431,4.0
319.46391680584924,3.0
319.6092594868609,2.0
320.2854219663384,3.0
320.5503299752061,4.0
321.06220733994155,3.0
321.3468579534007,4.0
321.3520197946567,5.0
321.7211289755534,4.0
321.8516784517941,5.0
321.9446990973242,4.0
322.42150621935133,3.0
322.6617910763735,2.0
322.9657891075772,3.0
323.01813519679814,4.0
323.02880455081,5.0
323.1738232293676,6.0
323.3316904894045,5.0
323.5674322807187,6.0
323.665109787411,7.0
323.71634625798924,8.0
323.7683188268594,7.0
323.8051142542963,6.0
324.1147420867711,5.0
324.28761797396714,4.0
324.528866009482,3.0
324.64171955978213,4.0
324.86636940643353,3.0
324.8678493546273,4.0
325.0366060899131,5.0
325.0728661887582,6.0
325.1773448687338,5.0
325.19343088103227,6.0
325.37284941920814,5.0
325.4289877277966,4.0
325.4597448793482,5.0
325.49620069690206,6.0
325.5045316862145,5.0
325.8697265789349,4.0
325.9327042369835,5.0
326.0863311448195,6.0
326.1977580506158,5.0
326.28673578990043,6.0
326.3160025174012,5.0
326.4543702028423,6.0
326.5335858119851,5.0
326.77526703600614,4.0
326.7994017337559,5.0
326.83145609873947,4.0
326.9114079212277,5.0
327.005328630277,4.0
327.0438503790952,5.0
327.09785014464046,4.0
327.1786392387472,5.0
327.29129517229376,4.0
327.3851456222094,3.0
327.71473254509544,2.0
327.9828616467794,3.0
328.5833407102417,2.0
328.60769907339534,1.0
328.7763299275732,2.0
329.0950832289414,1.0
329.39024873873353,0.0
329.4529950991159,1.0
329.6295004860341,2.0
329.6474337374935,1.0
330.16206788272183,2.0
330.43403262526533,3.0
330.6905374052325,4.0
331.03918244570025,3.0
331.30589444910527,4.0
331.4171401685656,3.0
331.54538492099925,2.0
331.58937564618344,3.0
331.7615794356689,2.0
331.76683820441707,3.0
331.94292852093014,2.0
332.00441787436887,1.0
332.1372094493326,2.0
332.33370894451593,3.0
332.6731646862285,4.0
332.6753016275983,3.0
333.4458476277471,2.0
333.5491136130187,3.0
333.6567011421786,4.0
333.66623083975685,5.0
333.6679980365376,4.0
334.16219387153444,3.0
334.3189208433848,2.0
334.3795620892296,3.0
334.54506275036465,4.0
334.65659395900786,3.0
334.70849117166415,4.0
334.75015751314345,5.0
334.7555856671635,4.0
334.88246533307074,5.0
335.0265479254212,4.0
335.08762208294553,3.0
335.24760569448443,4.0
335.28023569067693,5.0
335.444232776549,4.0
335.7409462934686,3.0
335.805172337958,2.0
335.97578543556557,1.0
336.1517656442368,2.0
336.2973810401476,3.0
336.3575257926227,4.0
336.53265556659335,3.0
336.66260704744576,2.0
337.186307141758,3.0
337.5191220130244,4.0
337.68434126996686,5.0
337.7478685961348,4.0
337.89617748897103,5.0
337.9964706404428,4.0
337.9999200064858,5.0
338.01773454248314,6.0
338.32879332436846,5.0
338.39367105355115,6.0
338.3979606541665,7.0
338.43727356299917,6.0
338.4608157867836,7.0
338.5444648037218,8.0
338.7857554063534,9.0
338.79719254252313,8.0
338.88771973691206,9.0
339.028257050354,8.0
339.0373701415785,7.0
339.2372060029813,6.0
339.287259362264,5.0
339.51011240284885,4.0
339.77413513545275,3.0
340.07277837702696,2.0
340.0825026620769,3.0
340.3804129630128,2.0
340.40551028968247,3.0
340.4325311724551,4.0
340.4446063109675,5.0
340.5089891926469,4.0
340.7873214699416,3.0
340.88978416109387,4.0
341.043033114842,5.0
341.0674893444567,4.0
341.1285410498284,3.0
341.5605389713993,4.0
341.57854161787793,5.0
341.6265032516419,6.0
341.918088268465,7.0
341.97353117966077,6.0
342.0085051324589,5.0
342.02666733313214,6.0
342.1203237977023,5.0
342.3008534575066,4.0
342.3565816587178,5.0
342.6560175630657,4.0
342.6752555426098,5.0
342.7621695422389,4.0
342.8740109331528,5.0
343.13034683073425,4.0
343.3516636668081,5.0
343.4018274008411,4.0
343.4076427011299,3.0
343.4638058662853,2.0
343.55651423471807,3.0
343.57574044076864,4.0
343.59977722971485,3.0
343.6363351057173,2.0
343.63634926041107,3.0
343.76074151638755,2.0
343.9517788438381,3.0
343.97277964759,4.0
344.149390453162,5.0
344.24376160741383,4.0
344.35961830502976,5.0
344.47545409734545,4.0
344.78759130138764,3.0
344.8870075525873,2.0
344.9157800648848,3.0
345.0191645269485,4.0
345.2157815365423,3.0
345.26832995795615,2.0
345.28459155389095,1.0
345.51221401912323,2.0
345.7251053523692,3.0
345.8159587779821,2.0
346.1450423303431,1.0
346.5993528394755,2.0
346.7633204868014,3.0
346.82127358580016,4.0
347.19050550404745,3.0
347.39156353188076,4.0
347.4166949526144,3.0
347.89375782235805,2.0
348.0183980698014,1.0
348.1050350549377,2.0
348.3580893421363,1.0
348.4294814413833,0.0
348.45801302746617,1.0
348.4700078880093,0.0
348.6527025094157,1.0
348.7807578580725,2.0
348.84035924654165,3.0
349.0341976610675,2.0
349.32906688803916,3.0
349.47706707684546,4.0
349.76267944223565,5.0
350.17436203949745,6.0
350.236583216175,7.0
350.27278598911,8.0
350.28387912094576,9.0
350.38010029962675,10.0
350.4451534042191,9.0
350.5157718512968,8.0
350.56643176435887,7.0
350.56770005237263,8.0
350.67273787925967,7.0
350.7049815758777,6.0
350.8961404066785,5.0
350.9297716098897,6.0
350.9458428371278,5.0
350.9492619903964,4.0
351.1549853497171,5.0
351.4304824311149,4.0
351.553217389244,5.0
351.5718243904266,4.0
351.58041962210206,3.0
351.6887902089501,2.0
351.70688921375,3.0
351.89326502144786,2.0
352.64395560532176,1.0
352.69743645095883,2.0
352.80827305639355,1.0
352.9158396911367,2.0
353.08281365978274,1.0
353.32703913016957,2.0
353.515060666422,3.0
353.64439337977655,2.0
353.75955061415766,3.0
353.78084862757663,2.0
354.29424502106525,1.0
354.3306573620676,0.0
354.51554669354584,1.0
354.6113818831363,0.0
355.0383145682943,1.0
355.05276145953326,2.0
355.23492763028827,1.0
355.77093241485517,2.0
356.028254604704,1.0
356.0569220515851,2.0
356.08548940969155,3.0
356.42638619950884,2.0
356.8046909156155,3.0
357.09709110512847,2.0
357.28352053429546,1.0
357.4831136513127,2.0
357.6836928447977,1.0
357.78442719486554,2.0
357.91684233833286,3.0
357.9474124390404,4.0
357.99983758988935,3.0
358.3939554718317,4.0
358.46209975578967,3.0
358.6212714841051,4.0
358.6253075735262,5.0
358.65471413119053,6.0
358.77156113308564,5.0
358.8207852452283,4.0
358.8559648904349,3.0
359.0333932798771,2.0
359.30260063883566,1.0
359.3052228519066,2.0
359.31212147860845,1.0
359.78182543071694,2.0
360.14715257283325,3.0
360.3934543217074,2.0
360.4085358640077,1.0
360.631346754351,2.0
360.7864143694681,3.0
360.8571882290994,4.0
360.8974058263569,3.0
360.9080130338108,2.0
361.5979509774265,1.0
361.86442981469077,2.0
362.0077306984129,1.0
362.14040025616134,2.0
362.2297217056212,3.0
362.4200471955013,4.0
362.42049598206546,3.0
362.43584751527925,2.0
362.79216164338436,1.0
362.908123679899,2.0
363.2345476194946,3.0
363.58809591560555,4.0
363.6713531190786,3.0
363.84422891363636,2.0
364.2227384391924,3.0
364.2453038684243,2.0
364.2490377761399,3.0
364.4243404185968,2.0
364.5973808789322,1.0
364.6490637581347,2.0
364.71498306968977,1.0
364.88543782515967,0.0
364.94942395299825,1.0
364.9505543481331,2.0
365.1201789110168,3.0
365.2022640104256,2.0
365.6680988708005,3.0
365.82897083490195,2.0
366.1114801507479,3.0
366.1259913249478,4.0
366.3444947408182,3.0
366.34739395967983,2.0
366.6424681100355,1.0
366.98847253473144,2.0
367.0817181439785,3.0
367.11248657879065,4.0
367.3218659093331,5.0
367.3423135775031,4.0
367.5371833244796,5.0
367.55731751338277,4.0
367.7197320398039,5.0
367.8248260509556,6.0
367.8475995621248,5.0
367.96555271853276,6.0
368.07272825371035,5.0
368.4589016158009,6.0
368.53877551773496,7.0
368.56573445994354,6.0
368.68737261689375,7.0
368.72148552144176,8.0
369.04951639302107,9.0
369.1067413003638,8.0
369.14257395767805,7.0
369.22227557720123,6.0
369.27164227517477,5.0
369.34313087474163,4.0
369.68307782940497,3.0
369.88736993081835,4.0
369.91701720406024,3.0
370.46920383841086,4.0
370.4800396571164,5.0
370.5589312003443,6.0
370.60258292541243,7.0
370.60565467249967,6.0
370.7267765314043,5.0
370.9567855336794,4.0
370.9692059278294,3.0
371.0103555691987,2.0
371.04486282961676,3.0
371.07534344547764,4.0
371.2760769080567,3.0
371.3048857295673,4.0
371.33494231040265,3.0
371.5358528553571,2.0
371.8068332301689,3.0
371.8193041442328,4.0
372.010329545512,3.0
372.1525760147157,2.0
372.2741519228569,3.0
372.451733182196,4.0
372.68114135355154,5.0
372.87169934539276,4.0
373.07419256027356,3.0
373.4045103618025,2.0
373.9405449867244,1.0
374.658605507779,2.0
374.67830871556055,3.0
374.81576656325007,2.0
375.7598464397761,3.0
375.8526064660732,4.0
375.88761110628326,5.0
376.12164566218394,4.0
376.1925382390355,3.0
376.2257124035988,4.0
376.3099336061154,5.0
376.48221282472656,4.0
376.4870876188395,3.0
376.60893667773036,4.0
376.99278429091527,3.0
377.03063228605623,4.0
377.11722542883194,3.0
377.2366014275517,4.0
377.36082843219924,5.0
377.40317874888984,6.0
377.54173374932515,7.0
377.61172636787165,6.0
377.6966363364055,7.0
377.71250875511197,6.0
377.97251488088517,7.0
378.0849392936751,6.0
378.1295699561846,7.0
378.17698492952934,6.0
378.29466110880486,5.0
378.379821181142,4.0
378.40218512078167,3.0
378.479316032346,4.0
378.8543663187264,5.0
378.94000643443496,6.0
378.97459488159035,5.0
379.02744617524434,4.0
379.0484392983633,3.0
379.8040339338246,4.0
379.85696160604704,5.0
379.968294338514,6.0
380.22684371961594,7.0
380.23376768956496,8.0
380.4586490540407,7.0
380.46607180834116,6.0
380.56085256436097,7.0
380.6242130139769,6.0
380.67625415503505,7.0
380.7010425960676,6.0
380.76856169200704,5.0
381.2699832882755,6.0
381.49487541308633,5.0
381.710677676666,6.0
381.8288367347035,5.0
381.84118029524444,4.0
382.7808192631997,3.0
382.81355607482624,2.0
383.0023411443867,3.0
383.09439424068574,4.0
383.42949157106034,3.0
383.72514731721844,2.0
384.0106511488023,3.0
384.0869610765755,4.0
384.2693860146328,3.0
384.85673662287525,2.0
384.9874540066674,3.0
385.01826372866236,4.0
385.05100772032813,3.0
385.1946850090982,4.0
385.2519861145349,5.0
385.6128324964761,6.0
385.7078841886361,5.0
385.7446540102446,6.0
385.8238788511417,7.0
385.893191422356,8.0
385.9904157751394,7.0
386.01535119313957,8.0
386.0896595944507,7.0
386.2017132192811,6.0
386.2897024176866,7.0
386.3635910336041,8.0
386.38766391945916,7.0
386.51084946163996,6.0
386.7749122835029,5.0
386.7918331574817,6.0
386.8094543320842,5.0
387.13019343058227,4.0
387.17917012047616,5.0
387.68013761716946,4.0
387.78363158894,3.0
388.0650467292553,2.0
388.1618828799425,1.0
388.4010430623097,2.0
388.5192193377126,3.0
388.5721076554181,2.0
388.6901103534355,3.0
388.8835330152238,2.0
389.1698865276539,1.0
389.30822976339164,2.0
389.62281123194293,3.0
390.0055095837188,4.0
390.12925760950657,3.0
390.2866495228735,2.0
390.51788609187145,3.0
390.54537148422935,4.0
390.5501896679631,3.0
390.6744177508218,2.0
390.7260514601872,1.0
390.9057742286181,2.0
390.9106022423046,1.0
391.5515333038167,2.0
391.7455583793269,3.0
391.95954107864316,4.0
391.9741749101881,3.0
392.02724207429486,4.0
392.1734754238345,5.0
392.23672121523333,4.0
392.3217025616295,5.0
392.41894733549856,4.0
392.43374123188255,3.0
392.72343111188786,4.0
392.8472803048356,3.0
392.9544399586845,4.0
393.0181980928991,3.0
393.0869231364763,2.0
393.3300934396844,3.0
393.4651346530709,2.0
393.5613231407991,3.0
393.8432252186242,4.0
393.8959311580387,3.0
394.0415599751387,2.0
394.09573655740866,3.0
394.1614950539047,2.0
394.4518985507165,3.0
395.0809546849065,4.0
395.13513478943946,5.0
395.15156206204085,4.0
395.2838535254303,3.0
395.40042358124987,2.0
395.7304190253312,3.0
396.0349812893884,2.0
396.06523221883043,1.0
396.35928346290314,2.0
396.77946409408224,3.0
396.78417114511683,2.0
397.216502955328,1.0
397.31883332504856,2.0
397.50641082105653,3.0
397.83556272365524,2.0
397.9555504210912,1.0
398.16460946522716,0.0
398.20050924241434,1.0
398.5298599798044,2.0
398.9023448994511,3.0
398.93500993522036,2.0
398.9659259201105,3.0
399.0190281986733,4.0
399.05593834519146,5.0
399.1276779746867,4.0
399.2200977587124,3.0
399.25838460823974,4.0
399.595719065083,3.0
399.64978419472294,2.0
399.957823553316,3.0
400.0990961891203,4.0
400.17505158723395,3.0
400.2940682525808,4.0
400.3672316407111,5.0
400.42566273592064,6.0
400.50450935548895,5.0
400.7913863992602,4.0
401.03007329126973,3.0
401.11656011406984,4.0
401.19221566302724,5.0
401.21392539325694,4.0
401.40580981491644,5.0
401.5491259358256,6.0
401.55303791092996,5.0
401.76023904085145,6.0
401.78065149822135,7.0
401.8188995119314,6.0
401.9474060026913,7.0
402.11412388158715,8.0
402.21398332514525,7.0
402.35466334300236,6.0
402.3843286217814,5.0
402.4008781459384,6.0
402.4048770454932,5.0
402.4135733208888,4.0
402.6383136990735,3.0
402.6876353783357,4.0
402.7876248412676,3.0
403.08780774542157,4.0
403.1096397333916,3.0
403.21469684760626,4.0
403.2644447969359,3.0
403.74663679873424,4.0
403.82401970517395,5.0
403.96512163604774,6.0
404.1220282219933,7.0
404.36278785467226,6.0
404.3672224480545,7.0
404.84042649195885,6.0
404.861846183924,7.0
404.89660788806486,6.0
404.9202249620687,7.0
404.9610352042597,6.0
405.0939272281071,5.0
405.20180123199214,4.0
405.4294526788129,3.0
405.5331617366764,2.0
405.58795108049094,3.0
405.679303732324,4.0
405.79150463570625,3.0
405.82821731616656,2.0
405.8938203359428,3.0
405.9558515593101,4.0
406.5007295812692,3.0
406.85768666693315,2.0
406.90370274309896,3.0
407.04042079288854,2.0
407.15143558131786,1.0
407.2307322865275,2.0
407.43391066410646,3.0
407.45922704413977,2.0
407.7228306457211,3.0
407.8092499024571,4.0
407.85413265407544,3.0
408.069585988959,4.0
408.3274295692334,3.0
408.5306738720754,2.0
408.61444298116936,1.0
408.6433566511542,2.0
408.86243262208046,3.0
408.87027255375244,4.0
409.11807568491156,3.0
409.182053326792,4.0
409.25270098992206,3.0
409.7039715681646,2.0
409.80078078874516,3.0
409.95258329652484,4.0
410.0983705215818,3.0
410.12402434150005,2.0
410.2202806295107,3.0
410.5176615587188,4.0
410.9718621646929,3.0
411.0065903593063,4.0
411.0994211585316,3.0
411.4302011629361,4.0
411.5633776983805,3.0
412.08933079017237,2.0
412.65980388600667,1.0
413.9867268009609,2.0
414.186458015797,1.0
414.22844873136677,2.0
414.3281489706337,3.0
414.3659676883222,2.0
414.948253410863,3.0
415.03922577753343,4.0
415.20973858747595,3.0
415.4527339615266,4.0
415.486228756448,3.0
415.56895487862727,4.0
415.575006886087,5.0
415.63433478093197,4.0
415.6540937191951,3.0
415.6943848590798,4.0
415.7247277633029,3.0
416.0799941403695,2.0
416.0868397677315,3.0
416.25739198149034,2.0
416.31402696539277,3.0
416.45890277484887,4.0
416.4724778946072,5.0
416.6997837971721,4.0
417.39362167024746,5.0
417.60677000637446,6.0
417.77414652219267,7.0
417.865510071812,6.0
418.08574646948836,5.0
418.1404777048551,6.0
418.1581465366484,7.0
418.22573014481594,6.0
418.3994797876292,5.0
418.4688247350943,4.0
418.60704123132524,3.0
418.673994457896,4.0
418.8664627842374,5.0
419.0599063892559,6.0
419.21761487520826,7.0
419.31340474848434,6.0
419.40174115362476,5.0
419.6296833289877,4.0
419.73306931824163,5.0
419.9461962016771,4.0
419.9752344331488,5.0
419.9790002617029,4.0
420.0464198142122,3.0
420.07121617538695,4.0
420.16107311010126,3.0
420.20767818712187,4.0
420.4454155863239,5.0
420.448338151282,4.0
420.4797520051605,3.0
420.7429708474779,2.0
420.94989433824367,1.0
420.96570739713883,2.0
421.4482832979618,3.0
421.48121265583586,2.0
421.5099206568299,3.0
421.6028281743074,4.0
421.6500081224754,5.0
421.7223586785052,4.0
421.7884056831742,3.0
421.7925720133411,2.0
422.09088361496896,3.0
422.25484972564004,4.0
422.27706074438333,3.0
422.35070491764895,2.0
422.60127903822183,3.0
422.628518050456,4.0
422.6319595690686,3.0
422.8031671236091,4.0
422.8993440921521,3.0
423.1437954691952,4.0
423.187897581345,5.0
423.3985017539087,4.0
423.6934715174,5.0
423.84113986530355,4.0
423.8575206798571,5.0
424.00522554935924,6.0
424.02979104339715,7.0
424.057918995168,8.0
424.1819144539261,9.0
424.70635189757525,10.0
424.79424560921495,9.0
424.8495417682096,8.0
424.8976312183443,9.0
424.92282295653047,8.0
424.9687023882864,7.0
425.00789235156844,8.0
425.01155325368404,7.0
425.0380341776042,6.0
425.2607671860082,5.0
425.2986625076669,4.0
425.36528266126936,5.0
425.44866166606414,4.0
425.4664397686607,3.0
425.5063626689077,4.0
425.85966842252554,3.0
425.98154241539265,2.0
426.06322510451116,3.0
426.2366180415664,2.0
426.730036900279,1.0
426.98100596077666,0.0
427.6673594836094,1.0
427.73395546207604,2.0
427.8219498287522,3.0
428.2159026336122,2.0
428.4226550727897,3.0
428.67415123577297,2.0
428.752161331648,1.0
429.05556253428796,2.0
429.2108057037255,3.0
429.35735704465776,2.0
429.63443156074294,3.0
429.65580961466196,2.0
429.68645961008866,3.0
429.9055411642106,4.0
429.91394921159014,5.0
429.97757070544645,6.0
430.2801015171188,5.0
430.37584494371697,6.0
430.43085473106476,5.0
430.7346282773253,6.0
430.7354533805381,7.0
430.76316722630173,8.0
430.8440590093713,9.0
430.8479103834468,10.0
430.95380401473756,11.0
431.03971807800934,12.0
431.0900608891162,11.0
431.1118897486998,10.0
431.1359075220249,9.0
431.30934041865214,8.0
431.36375384267046,9.0
431.5200878669485,8.0
431.5756401821395,7.0
431.64503185888935,6.0
431.92398688135074,7.0
432.01821580368954,6.0
432.03785364541426,5.0
432.37265604438676,6.0
432.51859044124467,5.0
432.629712550764,4.0
432.69066638594387,3.0
433.0271185699437,4.0
433.2266806061133,3.0
433.39071361606943,2.0
433.51540305189445,3.0
433.5453061873209,2.0
433.56073996333214,3.0
433.58042777738507,2.0
433.64724215439617,3.0
433.7479051068082,2.0
434.06337273661916,3.0
434.1940241505911,4.0
434.51742868563167,3.0
434.67708338526495,4.0
434.73008006066067,3.0
435.40440255207375,4.0
435.49563197577237,5.0
435.5355738024461,6.0
435.7133286898067,7.0
435.9645354016901,8.0
435.96633268969765,9.0
436.0546095090103,10.0
436.19915041694935,11.0
436.2373294815993,10.0
436.2481732125097,9.0
436.25245244032044,8.0
436.3087611010063,9.0
436.4268371939858,10.0
436.58449240923653,9.0
436.5867897982453,10.0
436.66581835277907,9.0
436.7153503454045,8.0
436.90234527575365,7.0
436.91126669223144,6.0
437.0412954854193,5.0
437.14543145193124,4.0
437.2064056672931,3.0
437.29875404073573,4.0
437.3050536220605,5.0
437.30879266979497,4.0
437.35725752147096,5.0
437.37435390247737,6.0
437.4231070092619,5.0
437.5630501824823,6.0
437.7169142796592,5.0
437.76910090085664,6.0
437.837456406662,5.0
437.8854469033827,4.0
437.9371204884526,5.0
438.2317831907643,4.0
438.25561811260985,3.0
438.72437406385086,4.0
438.74997289526823,3.0
438.93765070421654,2.0
438.97869819464825,3.0
439.2278638626593,2.0
439.24100233713165,1.0
439.49562109144154,2.0
439.98000567078316,3.0
440.26051689912896,4.0
440.3046117796112,5.0
440.3660223784922,4.0
440.43297623408796,3.0
440.88551790133545,4.0
441.0244290707446,5.0
441.3130578704013,6.0
441.3606255252621,5.0
441.4146177432939,4.0
441.423799745409,3.0
441.49521633797315,4.0
441.51502652669956,3.0
441.5182754431992,4.0
441.6354265422663,3.0
441.65958784772545,4.0
441.8356908249519,5.0
442.1989925099997,6.0
442.2266456061812,5.0
442.286209276009,4.0
442.2988174320598,3.0
442.4128699207531,2.0
442.42379038176523,3.0
442.80498466587176,4.0
442.8105885966128,3.0
442.828947154547,4.0
442.95240641615834,5.0
443.06411312462586,4.0
443.0662258279873,3.0
443.1070126435526,2.0
443.4671989115141,3.0
443.48754949370885,2.0
443.5865099351353,3.0
443.8053185842576,4.0
443.8913062955906,5.0
443.91784190204237,4.0
443.9973367024107,5.0
444.00693203632204,4.0
444.2678877776813,5.0
444.484619462773,4.0
444.65398667985494,5.0
444.71790759801263,6.0
444.8122077589802,5.0
444.849360113931,6.0
444.9799206879389,5.0
445.00667728590247,6.0
445.12428636972544,5.0
445.4547565953248,4.0
445.59241209001874,3.0
445.666262716697,4.0
445.6876727164236,3.0
445.9429551256302,4.0
446.1056658849914,3.0
446.135799034387,2.0
446.2636809071737,3.0
446.36024613023926,2.0
446.7487164357879,3.0
447.2217627157716,4.0
447.27218539056054,3.0
447.4720589715612,2.0
447.7354015462231,3.0
447.8459887713124,2.0
448.0993531862759,3.0
448.20003651060733,4.0
448.3311432221772,3.0
448.3774879166185,4.0
448.4476516474537,5.0
448.47126953190997,4.0
448.51809869514835,5.0
448.53274211906734,4.0
448.5777812307366,5.0
448.5932842498459,4.0
448.7251055941909,3.0
448.7890922478494,2.0
448.88927010354627,3.0
449.0877353954922,4.0
449.2014820635782,3.0
449.3447056064083,4.0
449.8905063416855,5.0
450.0202341460409,4.0
450.23453759927315,5.0
450.2712062853687,4.0
450.3366129323596,3.0
450.5690680928114,2.0
450.61700009071654,1.0
450.74549625276865,0.0
450.7762070604071,1.0
450.9254317170548,0.0
451.0253032146645,1.0
451.0714301031945,2.0
451.1537091508739,3.0
451.3455107234338,4.0
451.3746625574342,3.0
451.4715275930861,2.0
451.72172374370456,1.0
451.8085311602567,2.0
452.01114638677177,3.0
452.01859305896403,4.0
452.0667669221775,5.0
452.2350702098779,4.0
452.567166596959,3.0
452.68690289426814,4.0
453.0375240581962,3.0
453.0789156250486,4.0
453.36889185361485,5.0
453.4173645391682,6.0
453.42294298277153,7.0
453.7424494858278,6.0
453.77056803942787,5.0
453.7818530553487,4.0
453.8371675245218,5.0
453.845259010025,4.0
453.9078987972914,3.0
454.0463345863328,2.0
454.2021354618464,3.0
454.4260396642717,2.0
454.4538277530794,3.0
454.66207652906263,2.0
454.71054651295793,1.0
455.60337400604783,2.0
455.6741917268603,3.0
455.74775533195714,2.0
455.7898395529094,3.0
455.8329425694162,2.0
456.3524563393032,1.0
456.49269909557125,2.0
456.6553196409228,3.0
456.88817718786333,4.0
456.9049194870333,5.0
456.9952588515233,4.0
457.0075276080736,5.0
457.0517779513186,6.0
457.1009531840456,7.0
457.1795526319003,8.0
457.2234212343188,7.0
457.37310621640233,6.0
457.4224867941544,7.0
457.88950916126464,8.0
457.90713590424605,7.0
458.0293024862735,8.0
458.1438690798049,7.0
458.36490745657954,6.0
458.5898453663907,5.0
458.6360001092473,6.0
458.6823928295021,5.0
458.70322878602985,6.0
458.70327338451295,5.0
458.71842504882926,6.0
458.81529956240615,7.0
459.0631943680555,8.0
459.2648928760034,9.0
459.30270295646847,10.0
459.3455784953916,9.0
459.3623908732539,8.0
459.5187422002173,7.0
459.58871048242713,6.0
459.7342192939219,7.0
459.8635337355543,8.0
459.9962007141696,9.0
460.01444000171676,8.0
460.1300402827906,7.0
460.2651923530984,6.0
460.28058296995846,5.0
460.3509192030319,6.0
460.6003065246803,5.0
460.6122481962858,4.0
460.7474364746706,3.0
460.8115131649037,4.0
460.81616195609627,5.0
460.8431751632356,6.0
460.90331464638354,5.0
460.9197767747237,4.0
460.97506358093665,3.0
461.17475894444766,4.0
461.1957693238278,5.0
461.2583245841245,6.0
461.2876728065842,7.0
461.28780624072135,8.0
461.32674579938003,7.0
461.5965398641643,6.0
461.8922989766711,7.0
461.90383514407534,6.0
462.02009758354495,7.0
462.04061257598164,6.0
462.09977659294486,5.0
462.1195181739746,4.0
462.12907726362033,3.0
462.3184336621479,4.0
462.4155739035041,3.0
462.439082423878,2.0
462.74060684065853,1.0
462.8712197391352,2.0
463.22220936541174,3.0
463.3307135364717,4.0
463.45127160880315,5.0
463.60927191140337,6.0
463.778718082552,7.0
463.79470970001864,8.0
464.09625696456396,7.0
464.210895850999,8.0
464.288390480183,7.0
464.32731932715876,8.0
464.395250944859,7.0
464.44493738352253,6.0
464.470957835673,5.0
464.65984085067595,4.0
464.66367626810546,3.0
464.72857355627133,4.0
464.7882212765025,3.0
465.1164737163624,4.0
465.2080679881737,5.0
465.36903570473993,4.0
465.63766414752536,5.0
465.7916961091364,6.0
465.8593152827525,7.0
465.874996175926,6.0
465.88185011513133,5.0
465.93334694655357,4.0
465.99643786712574,3.0
466.02625156979377,2.0
466.2428754781454,1.0
466.2855857964889,2.0
466.4898295096804,3.0
466.63160535901517,4.0
466.6773748492328,3.0
466.97247674026926,2.0
467.0010101835584,3.0
467.07678840172287,2.0
467.44532410062635,1.0
468.14927450335506,0.0
468.93416932301,1.0
468.9445793277814,0.0
469.2754080851027,1.0
469.75302668566354,0.0
470.02603116347973,1.0
470.2474739078527,2.0
470.3093076489842,1.0
470.3129652662754,2.0
470.4106124492006,1.0
470.50939706513964,2.0
470.5982037527198,3.0
470.9296697513429,4.0
471.1640341509946,3.0
471.31652155600995,2.0
471.3448558496333,3.0
471.5811493347742,4.0
471.83251623222424,3.0
471.88793374054285,4.0
471.9409131894386,3.0
471.96387607713353,4.0
472.1356660812652,5.0
472.1774029442357,4.0
472.1972775442087,5.0
472.34968043763337,4.0
472.42338943425096,3.0
472.45599177477055,4.0
472.7541949790179,3.0
473.036179120097,4.0
473.22426879650243,5.0
473.30639390860534,6.0
473.3906085013316,5.0
473.59663188211067,6.0
473.7126291268835,5.0
473.75769635583936,6.0
473.8009274924171,5.0
474.0573063131264,4.0
474.3701563733231,5.0
474.42617221291033,6.0
474.63080088493,5.0
474.6683519258951,4.0
474.8102379418356,5.0
474.90928451912737,4.0
475.5629426819938,3.0
475.5834623572189,2.0
475.6767519942707,3.0
475.82750716097024,2.0
475.88333060002003,3.0
475.91448403551544,4.0
476.2137448951892,3.0
476.30261429262833,4.0
476.3170642298665,3.0
476.6463049295824,4.0
476.78797192680804,3.0
476.97890215229387,4.0
477.0278084260502,5.0
477.0663962525364,4.0
477.21087454319303,3.0
477.2148164324325,2.0
477.5779278824597,3.0
477.61824805585513,2.0
477.68106364215555,3.0
477.7775313922725,4.0
478.3373790539453,3.0
478.6019226018339,2.0
478.90515765430945,1.0
479.0477141603669,2.0
479.2040208227233,1.0
479.31916894474455,2.0
479.3852626805397,3.0
479.43402380941205,4.0
479.44080434320716,3.0
479.52442844684555,2.0
479.8414750694631,3.0
480.15974252919926,4.0
480.18427000446303,3.0
480.2316007622918,4.0
480.31962178352575,5.0
480.44895788342103,4.0
480.6284555377034,5.0
480.6625766204883,6.0
480.81235595834937,5.0
480.8835078319499,4.0
481.4977350892033,5.0
481.5196072919231,6.0
481.64003573023405,5.0
481.8747461828079,4.0
481.9397598671629,3.0
482.06678048185387,2.0
482.1726649221931,1.0
482.80851063601636,2.0
483.15526256982395,1.0
483.16365250534324,2.0
483.34352818309435,3.0
483.3727915168444,2.0
483.50841829284485,3.0
483.5106582789867,2.0
483.56977217650115,3.0
483.68696877781747,2.0
484.0564215485434,3.0
484.1183460430558,4.0
484.2911600122903,3.0
484.3989153369503,4.0
484.68479087575815,5.0
484.7644451931068,4.0
484.86817454392224,3.0
484.9541840727415,4.0
485.12907774270485,3.0
485.6129497383246,2.0
485.84916704596515,3.0
485.94233570383585,4.0
485.98576156725073,3.0
486.67239722277014,2.0
486.78124325587567,1.0
486.8773875634725,0.0
486.91556416861283,1.0
487.1959537126252,2.0
487.4632085969641,3.0
487.681698188727,2.0
487.6851088185903,3.0
487.7671152927176,2.0
487.78599101838046,3.0
487.8343406102522,4.0
487.89798485504167,3.0
488.0516790266429,4.0
488.09826187883704,3.0
488.29759277238435,4.0
488.3819440967864,3.0
488.45493446368397,2.0
488.6531820267978,3.0
488.73904070409384,4.0
488.8860867454621,5.0
488.9429774404651,6.0
489.13657447265336,5.0
489.57993151148696,6.0
489.61545863764036,5.0
489.9428112818413,4.0
490.1072145214802,5.0
490.14374046599295,4.0
490.1788390520989,5.0
490.24246980865814,4.0
490.4854297669147,3.0
490.60419354800933,4.0
490.69216176052856,3.0
490.6990067886872,2.0
490.8995009081222,3.0
490.91657169522176,4.0
491.39672451971205,3.0
491.6074959658078,2.0
491.7144326853023,1.0
491.77254690695713,0.0
491.8273048046615,1.0
491.94399304885263,2.0
492.6723275148126,3.0
492.79637509454403,2.0
492.8754641637193,3.0
492.91638221068257,4.0
492.9686166508786,5.0
493.0447720174325,6.0
493.08244477800673,5.0
493.2310044746172,6.0
493.3210478809682,5.0
493.33096980350336,6.0
493.45654778812843,5.0
493.58144308299364,6.0
493.5853961927398,5.0
493.6224597623521,6.0
494.10945110319363,5.0
494.13720363371635,6.0
494.25618075238845,5.0
494.542072075756,4.0
494.5541277413808,5.0
494.68118514777757,4.0
494.71458096892167,3.0
494.7881025132227,4.0
494.89692703272965,3.0
495.0499639953363,4.0
495.0938252135945,5.0
495.2383582704683,6.0
495.2519056472256,5.0
495.38052496935114,6.0
495.6535204797905,7.0
495.6603709351805,6.0
495.6822741961361,7.0
495.7558236569292,8.0
495.76033591911136,7.0
495.8232846266049,6.0
496.14620690515983,5.0
496.3462590442763,4.0
496.4502077775021,5.0
496.93488196183256,4.0
497.013262666116,3.0
497.2790015666683,2.0
497.35069399790467,3.0
497.90356873069425,4.0
497.99483287323005,3.0
498.09405418981964,4.0
498.1778809465457,5.0
498.36161177311095,4.0
498.37890044355083,3.0
498.889493779787,4.0
499.05694352253886,3.0
499.1122546363816,4.0
499.14612167950537,3.0
499.2700630533436,2.0
499.28580859268413,3.0
499.55009271237407,2.0
499.5812015150054,3.0
499.6118046122195,4.0
499.6330826327644,3.0
499.7093012778572,4.0
499.80267452007166,5.0
499.85799320333535,4.0
500.0273522904731,3.0
500.1001762316078,4.0
500.1129285901027,5.0
500.1317000920717,4.0
500.1466338744268,5.0
500.306936527764,4.0
500.52915332112207,3.0
500.70196308994815,4.0
500.7499492691653,3.0
500.94340581685555,2.0
501.1737816826245,1.0
501.6337789584666,0.0
